{
  "is_violent__logreg": {
    "accuracy": 0.822975,
    "f1_pos": 0.6504073068378178,
    "roc_auc": 0.9146141923473688,
    "pr_auc": 0.5929947689804309
  },
  "is_violent__lgbm": {
    "accuracy": 0.8263,
    "f1_pos": 0.6538806416259838,
    "roc_auc": 0.9229188520065964,
    "pr_auc": 0.6196398005390986
  },
  "is_arrest__logreg": {
    "accuracy": 0.676075,
    "f1_pos": 0.266266493006399,
    "roc_auc": 0.7123769621993127,
    "pr_auc": 0.18396469342273183
  },
  "is_arrest__lgbm": {
    "accuracy": 0.682575,
    "f1_pos": 0.27943930537426936,
    "roc_auc": 0.7407440085318164,
    "pr_auc": 0.20507539117667806
  }
}